,CloseTime,OpenPrice,HighPrice,LowPrice,ClosePrice,Volume,NA
0,2022-12-03 17:00:00,16112,16117,16101,16108,5.49068009,88454.49024513
1,2022-12-03 18:00:00,16107,16131,16094,16126,5.52876701,89088.73020778
2,2022-12-03 19:00:00,16121,16134,16103,16120,7.62070759,122855.9414459
3,2022-12-03 20:00:00,16120,16122,16092,16104,3.68490211,59366.47126776
4,2022-12-03 21:00:00,16104,16108,16070,16088,3.84102701,61830.18311163
5,2022-12-03 22:00:00,16083,16102,16041,16101,8.78503726,141147.38257984
6,2022-12-03 23:00:00,16101,16102,16020,16055,8.27086197,132785.75535897
7,2022-12-04 00:00:00,16054,16070,16035,16044,4.67325174,75031.24401431
8,2022-12-04 01:00:00,16042,16117,16042,16107,4.41470804,71044.27746189
9,2022-12-04 02:00:00,16107,16199,16098,16123,3.28963894,53079.56475835
10,2022-12-04 03:00:00,16121,16136,16104,16127,1.4822969,23901.0292663
11,2022-12-04 04:00:00,16122,16133,16110,16116,1.64761189,26558.58671532
12,2022-12-04 05:00:00,16116,16166,16115,16160,1.72778048,27874.01405897
13,2022-12-04 06:00:00,16160,16214,16159,16164,13.4486077,217637.52747158
14,2022-12-04 07:00:00,16164,16190,16144,16147,6.33834746,102485.71856391
15,2022-12-04 08:00:00,16147,16157,16139,16140,2.23919266,36155.07650994
16,2022-12-04 09:00:00,16145,16188,16128,16162,7.54410226,121886.35438715
17,2022-12-04 10:00:00,16159,16176,16152,16153,7.5538967,122111.24029851
18,2022-12-04 11:00:00,16151,16153,16140,16147,3.98418643,64331.87919419
19,2022-12-04 12:00:00,16145,16149,16059,16095,23.67096804,381467.89269406
20,2022-12-04 13:00:00,16093,16111,16083,16103,5.2625254,84742.30711413
21,2022-12-04 14:00:00,16107,16108,16074,16093,5.98257401,96262.31926638
22,2022-12-04 15:00:00,16097,16157,16084,16149,8.99205415,144856.76687492
23,2022-12-04 16:00:00,16149,16206,16149,16174,10.18730731,164841.92770868
24,2022-12-04 17:00:00,16182,16233,16149,16155,8.94328719,144760.43249293
25,2022-12-04 18:00:00,16155,16182,16117,16178,16.7509167,270347.18936997
26,2022-12-04 19:00:00,16184,16278,16181,16202,24.92287781,404726.20718771
27,2022-12-04 20:00:00,16204,16238,16189,16225,23.73508872,384857.42521979
28,2022-12-04 21:00:00,16227,16258,16213,16232,9.22578508,149740.83614033
29,2022-12-04 22:00:00,16233,16258,16219,16252,43.65018819,708356.00855715
30,2022-12-04 23:00:00,16250,16263,16211,16230,16.34375493,265502.92180775
31,2022-12-05 00:00:00,16231,16317,16218,16231,34.91496328,567577.94141421
32,2022-12-05 01:00:00,16226,16373,16201,16328,42.5422035,693788.45819355
33,2022-12-05 02:00:00,16330,16362,16294,16341,42.4731682,693316.33234991
34,2022-12-05 03:00:00,16349,16411,16319,16319,71.0928263,1163634.94436136
35,2022-12-05 04:00:00,16319,16340,16257,16261,9.58595744,156269.76596181
36,2022-12-05 05:00:00,16258,16461,16252,16415,15.1104067,247055.1457805
37,2022-12-05 06:00:00,16422,16451,16363,16387,6.04839631,99187.59351151
38,2022-12-05 07:00:00,16388,16394,16351,16372,7.8065523,127755.00077553
39,2022-12-05 08:00:00,16376,16473,16371,16427,23.25668766,382185.64709444
40,2022-12-05 09:00:00,16426,16480,16410,16442,19.01526182,312665.76887819
41,2022-12-05 10:00:00,16436,16449,16350,16394,39.20786565,643427.60885845
42,2022-12-05 11:00:00,16388,16453,16373,16421,26.18808609,430157.60419844
43,2022-12-05 12:00:00,16420,16421,16362,16385,16.97601724,278172.79770006
44,2022-12-05 13:00:00,16383,16387,16281,16291,45.43753114,742619.81496695
45,2022-12-05 14:00:00,16287,16329,16261,16309,25.1589273,410198.87663287
46,2022-12-05 15:00:00,16311,16321,16270,16310,16.51621519,269271.96340042
47,2022-12-05 16:00:00,16312,16324,16168,16228,63.57751428,1031671.83005596
48,2022-12-05 17:00:00,16227,16248,16161,16241,15.25440992,247387.37307107
49,2022-12-05 18:00:00,16239,16263,16196,16247,13.49963248,219139.73168404
50,2022-12-05 19:00:00,16244,16299,16224,16236,17.57002943,285592.91574797
51,2022-12-05 20:00:00,16241,16246,16095,16128,47.26065158,762126.16935259
52,2022-12-05 21:00:00,16123,16152,16108,16152,16.28842447,262937.86405247
53,2022-12-05 22:00:00,16148,16173,16142,16170,4.5131782,72942.65623302
54,2022-12-05 23:00:00,16170,16170,16131,16138,8.02322257,129540.1185613
55,2022-12-06 00:00:00,16138,16176,16116,16160,3.76712529,60841.87113347
56,2022-12-06 01:00:00,16155,16217,16155,16213,3.9929817,64611.27193112
57,2022-12-06 02:00:00,16218,16259,16195,16205,6.36960515,103408.68064768
58,2022-12-06 03:00:00,16203,16249,16186,16229,16.16148114,262090.63166173
59,2022-12-06 04:00:00,16221,16232,16190,16194,14.01231614,227060.85799126
60,2022-12-06 05:00:00,16196,16203,16158,16185,11.06825428,179078.38782763
61,2022-12-06 06:00:00,16184,16190,16158,16161,8.32059154,134580.51352371
62,2022-12-06 07:00:00,16161,16229,16154,16214,5.97233513,96739.22719861
63,2022-12-06 08:00:00,16214,16231,16196,16201,21.85000288,354310.86086716
64,2022-12-06 09:00:00,16199,16240,16185,16233,28.15664642,456432.79412324
65,2022-12-06 10:00:00,16229,16240,16163,16171,36.66591962,594261.12654489
66,2022-12-06 11:00:00,16171,16176,16130,16155,11.30760749,182726.96335387
67,2022-12-06 12:00:00,16155,16160,16085,16144,34.42977081,555754.93347367
68,2022-12-06 13:00:00,16142,16164,16140,16154,8.82878365,142597.99938799
69,2022-12-06 14:00:00,16154,16191,16151,16156,8.39292016,135743.31827241
70,2022-12-06 15:00:00,16154,16199,16149,16172,15.17031793,245351.87452068
71,2022-12-06 16:00:00,16158,16214,16138,16175,28.16066794,455750.41908178
72,2022-12-06 17:00:00,16177,16183,16138,16182,10.34626659,167175.96897646
73,2022-12-06 18:00:00,16187,16202,16156,16176,6.37988226,103205.49827383
74,2022-12-06 19:00:00,16171,16232,16148,16215,24.83107383,401903.2161447
75,2022-12-06 20:00:00,16213,16224,16175,16211,11.99048804,194260.92965325
76,2022-12-06 21:00:00,16209,16226,16185,16219,7.27649504,117931.10599049
77,2022-12-06 22:00:00,16215,16233,16207,16230,8.95076428,145170.48474601
78,2022-12-06 23:00:00,16227,16228,16196,16211,4.35955866,70696.74232998
79,2022-12-07 00:00:00,16211,16326,16209,16314,19.6730845,320515.30814062
80,2022-12-07 01:00:00,16308,16366,16287,16305,4.24871144,69350.47046063
81,2022-12-07 02:00:00,16303,16310,16258,16265,2.37614245,38693.54309488
82,2022-12-07 03:00:00,16263,16288,16263,16280,7.92523817,128994.6755551
83,2022-12-07 04:00:00,16282,16282,16259,16259,1.56158936,25404.33614107
84,2022-12-07 05:00:00,16258,16277,16255,16277,1.42244623,23129.47045938
85,2022-12-07 06:00:00,16274,16276,16213,16237,6.62474625,107599.78553094
86,2022-12-07 07:00:00,16235,16249,16186,16201,7.14958583,115947.81982263
87,2022-12-07 08:00:00,16204,16206,15986,16022,28.69060542,460465.02111364
88,2022-12-07 09:00:00,16022,16067,16002,16031,11.92986908,191182.54709347
89,2022-12-07 10:00:00,16025,16067,16023,16067,24.28404498,389695.15143203
90,2022-12-07 11:00:00,16056,16063,15989,16019,16.93955046,271368.10572429
91,2022-12-07 12:00:00,16016,16028,15989,16003,27.97628479,447997.67297067
92,2022-12-07 13:00:00,16003,16017,15932,15932,32.31361541,516124.76934389
93,2022-12-07 14:00:00,15937,16017,15937,15989,14.32116592,229040.88703683
94,2022-12-07 15:00:00,15989,16048,15986,16010,19.91861339,318821.91521772
95,2022-12-07 16:00:00,16004,16038,15984,16028,43.80531241,701161.43842214
96,2022-12-07 17:00:00,16028,16036,15982,15998,16.08636261,257611.84119382
97,2022-12-07 18:00:00,15999,16011,15971,15976,13.48505076,215672.1002361
98,2022-12-07 19:00:00,15973,15993,15967,15967,6.77600498,108281.12466928
99,2022-12-07 20:00:00,15968,16003,15960,15988,6.63141474,105931.92066628
100,2022-12-07 21:00:00,15985,16023,15976,16005,7.95423252,127286.59837983
101,2022-12-07 22:00:00,16001,16020,15992,16020,5.06260192,81012.52501803
102,2022-12-07 23:00:00,16013,16036,15988,16025,3.63607031,58224.82900884
103,2022-12-08 00:00:00,16025,16038,16005,16007,2.96932317,47573.80695498
104,2022-12-08 01:00:00,16011,16060,16006,16008,7.68162167,123190.53206106
105,2022-12-08 02:00:00,16008,16037,15983,16016,1.16397411,18635.72584134
106,2022-12-08 03:00:00,16018,16062,15997,16041,1.66342999,26674.40641689
107,2022-12-08 04:00:00,16039,16048,16012,16013,1.42505983,22834.51508114
108,2022-12-08 05:00:00,16012,16029,16001,16006,21.95119646,351503.76782115
109,2022-12-08 06:00:00,16002,16015,15990,16002,4.60345088,73665.41132386
110,2022-12-08 07:00:00,15996,15997,15970,15979,11.96479118,191194.67407288
111,2022-12-08 08:00:00,15987,16013,15973,15981,8.19178529,130997.88906766
112,2022-12-08 09:00:00,15982,16005,15974,15990,17.23098582,275499.98958465
113,2022-12-08 10:00:00,15991,16015,15985,16002,15.71815063,251497.38447655
114,2022-12-08 11:00:00,16001,16029,15991,15994,33.11419198,530156.9415981
115,2022-12-08 12:00:00,15994,16039,15933,16029,21.06000927,337038.02504387
116,2022-12-08 13:00:00,16025,16050,15986,15992,14.2526826,228088.03604169
117,2022-12-08 14:00:00,15999,16020,15961,16014,18.43647928,294815.01505347
118,2022-12-08 15:00:00,16015,16044,15974,16017,27.58137009,441288.37231906
119,2022-12-08 16:00:00,16022,16068,16017,16032,12.44277012,199587.48579123
120,2022-12-08 17:00:00,16034,16063,16020,16056,28.56880381,458307.31461609
121,2022-12-08 18:00:00,16058,16086,16046,16083,17.10302572,274697.26583565
122,2022-12-08 19:00:00,16080,16353,16075,16323,44.44433979,721408.74086264
123,2022-12-08 20:00:00,16323,16366,16279,16329,24.38106097,398150.23227407
124,2022-12-08 21:00:00,16328,16365,16246,16279,8.5580505,139567.89856081
125,2022-12-08 22:00:00,16281,16288,16256,16267,4.96783403,80821.06559839
126,2022-12-08 23:00:00,16269,16323,16263,16287,7.02979386,114567.17680626
127,2022-12-09 00:00:00,16290,16345,16284,16312,19.52550435,318691.75618964
128,2022-12-09 01:00:00,16306,16335,16282,16286,5.97586614,97456.7498592
129,2022-12-09 02:00:00,16288,16326,16274,16284,6.56787272,107065.52228036
130,2022-12-09 03:00:00,16284,16306,16271,16279,1.87099023,30480.92771689
131,2022-12-09 04:00:00,16272,16279,16244,16248,1.26190086,20526.61252071
132,2022-12-09 05:00:00,16248,16267,16236,16248,3.51582727,57119.28920883
133,2022-12-09 06:00:00,16265,16267,16238,16265,2.32520143,37791.78493195
134,2022-12-09 07:00:00,16261,16271,16251,16268,2.54784823,41429.43982526
135,2022-12-09 08:00:00,16262,16292,16259,16278,7.52367674,122468.07047415
136,2022-12-09 09:00:00,16277,16283,16261,16283,12.21940259,198869.99135058
137,2022-12-09 10:00:00,16284,16333,16281,16320,10.27398117,167503.36283115
138,2022-12-09 11:00:00,16321,16341,16282,16290,30.48058367,496713.32691244
139,2022-12-09 12:00:00,16289,16342,16279,16339,19.91716576,324767.38271222
140,2022-12-09 13:00:00,16334,16420,16273,16352,50.74956957,830801.98995708
141,2022-12-09 14:00:00,16342,16360,16210,16275,74.54468194,1213495.58799475
142,2022-12-09 15:00:00,16277,16285,16215,16281,12.78419362,207772.65676026
143,2022-12-09 16:00:00,16283,16312,16258,16288,21.10006253,343743.94274561
144,2022-12-09 17:00:00,16293,16300,16260,16264,19.56270383,318556.97223396
145,2022-12-09 18:00:00,16264,16293,16259,16277,5.58938579,90984.39074675
146,2022-12-09 19:00:00,16275,16275,16236,16259,6.78150726,110219.73282699
147,2022-12-09 20:00:00,16255,16272,16237,16254,4.38655988,71280.35318955
148,2022-12-09 21:00:00,16251,16267,16231,16242,3.83914444,62386.6971253
149,2022-12-09 22:00:00,16233,16254,16207,16245,4.82145277,78265.83437432
150,2022-12-09 23:00:00,16243,16257,16238,16255,4.61740827,75032.11933005
151,2022-12-10 00:00:00,16260,16278,16244,16251,5.75035157,93508.75587632
152,2022-12-10 01:00:00,16249,16285,16243,16275,2.4608696,40017.0314271
153,2022-12-10 02:00:00,16272,16285,16269,16275,4.11551191,66982.44458562
154,2022-12-10 03:00:00,16274,16279,16244,16264,1.35103787,21971.37980253
155,2022-12-10 04:00:00,16262,16276,16259,16268,1.01885567,16571.34574074
156,2022-12-10 05:00:00,16268,16281,16263,16278,0.82451066,13415.78480866
157,2022-12-10 06:00:00,16276,16277,16255,16255,1.71528681,27899.52518873
158,2022-12-10 07:00:00,16256,16280,16255,16270,1.24949337,20328.80829867
159,2022-12-10 08:00:00,16270,16293,16265,16277,3.93058633,63998.74122946
160,2022-12-10 09:00:00,16277,16279,16264,16269,3.87881788,63110.23592185
161,2022-12-10 10:00:00,16270,16274,16244,16274,2.41172142,39224.32664463
162,2022-12-10 11:00:00,16274,16299,16270,16290,4.59895338,74885.76223945
163,2022-12-10 12:00:00,16291,16302,16276,16294,4.93094307,80305.83336565
164,2022-12-10 13:00:00,16298,16303,16271,16287,7.81287859,127216.23500468
165,2022-12-10 14:00:00,16287,16310,16269,16285,4.18988239,68208.1874077
166,2022-12-10 15:00:00,16285,16301,16272,16293,3.20362146,52182.60319844
167,2022-12-10 16:00:00,16289,16339,16288,16332,12.93045539,210875.78326724
168,2022-12-10 17:00:00,16327,16337,16305,16314,3.20729959,52333.72230638
169,2022-12-10 18:00:00,16314,16324,16284,16286,7.28301618,118731.88238044
170,2022-12-10 19:00:00,16285,16312,16285,16305,3.41447902,55668.64015653
171,2022-12-10 20:00:00,16305,16309,16286,16299,2.87253107,46815.90475916
172,2022-12-10 21:00:00,16299,16305,16289,16292,4.47367418,72901.27501668
173,2022-12-10 22:00:00,16293,16298,16251,16252,5.26969971,85805.72481443
174,2022-12-10 23:00:00,16251,16282,16243,16258,1.8521959,30113.62620783
175,2022-12-11 00:00:00,16262,16270,16229,16245,2.24755308,36537.1464226
176,2022-12-11 01:00:00,16248,16268,16248,16268,1.6306671,26512.08319395
177,2022-12-11 02:00:00,16267,16288,16261,16288,0.75974249,12361.52899022
178,2022-12-11 03:00:00,16283,16285,16264,16269,1.30873539,21298.6377381
179,2022-12-11 04:00:00,16266,16295,16265,16279,1.25362961,20407.41992345
180,2022-12-11 05:00:00,16279,16291,16275,16290,1.45694645,23723.66621212
181,2022-12-11 06:00:00,16289,16309,16280,16294,1.36076446,22168.84096566
182,2022-12-11 07:00:00,16294,16316,16287,16295,1.28649872,20970.93501434
183,2022-12-11 08:00:00,16295,16310,16277,16307,2.65556922,43281.5140518
184,2022-12-11 09:00:00,16306,16309,16286,16301,2.53798484,41367.37350948
185,2022-12-11 10:00:00,16300,16302,16288,16298,2.99194885,48752.02986148
186,2022-12-11 11:00:00,16298,16310,16287,16294,6.73904384,109824.79704048
187,2022-12-11 12:00:00,16294,16294,16268,16290,13.8692841,225844.7409187
188,2022-12-11 13:00:00,16289,16290,16269,16281,4.77841009,77810.9609768
189,2022-12-11 14:00:00,16281,16289,16258,16278,3.58177258,58295.3992234
190,2022-12-11 15:00:00,16279,16279,16256,16278,5.09458439,82890.70646076
191,2022-12-11 16:00:00,16275,16282,16266,16279,8.96802981,145938.01799845
192,2022-12-11 17:00:00,16279,16294,16274,16289,6.5684552,106941.57342009
193,2022-12-11 18:00:00,16291,16302,16289,16302,3.22455132,52541.42717306
194,2022-12-11 19:00:00,16301,16326,16292,16326,10.3359662,168465.64187924
195,2022-12-11 20:00:00,16329,16382,16260,16298,7.59958788,124005.94956639
196,2022-12-11 21:00:00,16298,16299,16214,16236,16.54393145,268627.11405808
197,2022-12-11 22:00:00,16229,16270,16224,16245,11.22117331,182402.08275069
198,2022-12-11 23:00:00,16243,16253,16218,16236,15.88294902,257981.37644555
199,2022-12-12 00:00:00,16220,16263,16216,16243,2.43690443,39558.76635263
200,2022-12-12 01:00:00,16230,16233,16105,16120,13.95340269,225541.89062262
201,2022-12-12 02:00:00,16103,16138,16100,16122,3.3175862,53473.74757489
202,2022-12-12 03:00:00,16117,16119,16052,16079,6.02528509,96890.44411187
203,2022-12-12 04:00:00,16076,16095,16061,16091,3.02123782,48588.44149865
204,2022-12-12 05:00:00,16091,16104,16073,16093,5.3837352,86612.36961156
205,2022-12-12 06:00:00,16090,16113,16089,16107,3.3401575,53772.49955908
206,2022-12-12 07:00:00,16105,16113,16083,16098,3.41451928,54975.18156516
207,2022-12-12 08:00:00,16095,16103,16070,16074,8.13823278,130907.70031346
208,2022-12-12 09:00:00,16073,16081,16045,16051,17.93577678,288051.23926995
209,2022-12-12 10:00:00,16048,16078,16042,16057,16.17846106,259703.58923123
210,2022-12-12 11:00:00,16053,16090,16053,16069,10.55933957,169676.73865044
211,2022-12-12 12:00:00,16069,16076,16050,16062,30.25136183,485804.20913213
212,2022-12-12 13:00:00,16062,16063,15996,16063,90.30531312,1447742.56174632
213,2022-12-12 14:00:00,16061,16074,16039,16044,18.98471222,304865.4156245
214,2022-12-12 15:00:00,16043,16131,16042,16114,24.34889938,391883.04900317
215,2022-12-12 16:00:00,16114,16159,16101,16159,26.33952599,424753.98497171
216,2022-12-12 17:00:00,16159,16164,16112,16116,13.93415314,224957.6692168
217,2022-12-12 18:00:00,16119,16140,16105,16132,12.58577904,202923.41248651
218,2022-12-12 19:00:00,16133,16170,16132,16168,17.01094171,274659.26749574
219,2022-12-12 20:00:00,16168,16181,16161,16180,9.68083644,156558.49698751
220,2022-12-12 21:00:00,16178,16237,16178,16237,34.38941914,557076.25339992
221,2022-12-12 22:00:00,16237,16319,16234,16284,22.20265531,361650.59142694
222,2022-12-12 23:00:00,16280,16298,16261,16278,7.51350131,122338.73477414
223,2022-12-13 00:00:00,16275,16342,16269,16311,4.62682015,75423.66532362
224,2022-12-13 01:00:00,16311,16337,16254,16257,2.19756438,35797.72224376
225,2022-12-13 02:00:00,16256,16269,16245,16251,5.25275761,85366.21345544
226,2022-12-13 03:00:00,16250,16259,16230,16255,24.68456759,401039.80223212
227,2022-12-13 04:00:00,16254,16286,16242,16273,11.74588803,190960.11870952
228,2022-12-13 05:00:00,16274,16303,16261,16284,6.37953666,103868.2830009
229,2022-12-13 06:00:00,16283,16294,16272,16280,5.37196354,87445.18746429
230,2022-12-13 07:00:00,16278,16294,16237,16252,31.47191083,512498.19625939
231,2022-12-13 08:00:00,16244,16262,16188,16258,22.3020932,362011.39175791
232,2022-12-13 09:00:00,16258,16299,16249,16267,17.10743236,278463.86802659
233,2022-12-13 10:00:00,16262,16560,16262,16520,58.61268889,959133.0865257
234,2022-12-13 11:00:00,16525,16547,16468,16495,24.69633337,407868.13053592
235,2022-12-13 12:00:00,16500,16563,16486,16551,41.53579377,686082.73792074
236,2022-12-13 13:00:00,16550,16581,16497,16513,30.56513461,505708.2923723
237,2022-12-13 14:00:00,16511,16940,16493,16810,93.63417823,1568046.29659706
238,2022-12-13 15:00:00,16808,16835,16752,16783,52.33425332,878732.18405767
239,2022-12-13 16:00:00,16780,16795,16676,16684,46.61076155,779884.90332851
240,2022-12-13 17:00:00,16684,16739,16671,16693,25.6685239,428683.82382866
241,2022-12-13 18:00:00,16696,16718,16591,16618,16.27721311,271060.30863686
242,2022-12-13 19:00:00,16611,16697,16606,16680,55.63147283,927134.98465425
243,2022-12-13 20:00:00,16679,16713,16661,16674,20.0011103,333549.86197221
244,2022-12-13 21:00:00,16674,16724,16658,16704,13.43110385,224050.26144643
245,2022-12-13 22:00:00,16702,16709,16677,16703,13.09157727,218538.65778696
246,2022-12-13 23:00:00,16702,16720,16647,16703,3.41755073,57022.89344379
247,2022-12-14 00:00:00,16702,16748,16680,16728,2.83835853,47445.7467917
248,2022-12-14 01:00:00,16721,16762,16699,16753,6.09256515,101942.37429951
249,2022-12-14 02:00:00,16754,16758,16711,16720,2.55585274,42773.31375204
250,2022-12-14 03:00:00,16717,16751,16697,16735,21.65516336,362055.88324916
251,2022-12-14 04:00:00,16735,16783,16729,16731,18.92907624,317129.41492887
252,2022-12-14 05:00:00,16734,16736,16707,16723,2.37801162,39770.12552966
253,2022-12-14 06:00:00,16723,16738,16696,16738,7.94735676,132904.5184281
254,2022-12-14 07:00:00,16732,16739,16697,16709,12.09549103,202158.79090854
255,2022-12-14 08:00:00,16709,16758,16703,16737,33.47648196,560042.24708896
256,2022-12-14 09:00:00,16737,16780,16723,16747,14.09940395,236136.92276438
257,2022-12-14 10:00:00,16748,16754,16673,16701,15.15517887,253210.86579532
258,2022-12-14 11:00:00,16702,16729,16689,16701,14.99845395,250609.20785175
259,2022-12-14 12:00:00,16703,16742,16698,16728,14.22560952,237895.45592684
260,2022-12-14 13:00:00,16723,16828,16714,16823,40.94555238,686558.26685142
261,2022-12-14 14:00:00,16819,16844,16775,16804,19.21781147,322895.30134788
262,2022-12-14 15:00:00,16807,16982,16803,16962,37.95833447,641381.34211631
263,2022-12-14 16:00:00,16964,16992,16917,16961,27.47587524,465853.54902623
264,2022-12-14 17:00:00,16960,17028,16960,16993,25.73848264,437497.9998984
265,2022-12-14 18:00:00,16995,17028,16971,16984,17.56818752,298580.29178557
266,2022-12-14 19:00:00,16985,17193,16817,17078,219.3699934,3737961.92846655
267,2022-12-14 20:00:00,17076,17170,16665,16685,268.50739885,4511846.53178109
268,2022-12-14 21:00:00,16665,16780,16557,16641,20.42182783,340275.15800181
269,2022-12-14 22:00:00,16632,16707,16632,16685,9.01170263,150315.61632614
270,2022-12-14 23:00:00,16685,16726,16656,16695,61.42131592,1023995.99825392
271,2022-12-15 00:00:00,16704,16704,16654,16667,6.38688348,106485.25436271
272,2022-12-15 01:00:00,16671,16722,16658,16661,5.03319175,84000.84426418
273,2022-12-15 02:00:00,16672,16698,16514,16538,8.79521269,146051.45077704
274,2022-12-15 03:00:00,16537,16620,16483,16620,5.41086906,89560.11168796
275,2022-12-15 04:00:00,16617,16652,16611,16627,3.72425937,61921.10280284
276,2022-12-15 05:00:00,16631,16636,16602,16622,8.43213078,140149.03404132
277,2022-12-15 06:00:00,16624,16640,16616,16616,2.23833417,37221.84359241
278,2022-12-15 07:00:00,16611,16643,16611,16626,6.96745263,115855.96914769
279,2022-12-15 08:00:00,16623,16659,16611,16620,9.38432496,156076.1134882
280,2022-12-15 09:00:00,16622,16637,16575,16588,27.39311902,454782.90098663
281,2022-12-15 10:00:00,16585,16658,16580,16658,13.30423605,221292.41751693
282,2022-12-15 11:00:00,16657,16661,16607,16628,10.25235465,170542.14917992
283,2022-12-15 12:00:00,16629,16679,16618,16670,21.5065626,357892.19219338
284,2022-12-15 13:00:00,16671,16678,16618,16631,18.88667924,314553.09824732
285,2022-12-15 14:00:00,16632,16648,16392,16429,86.59829468,1428674.57519681
286,2022-12-15 15:00:00,16429,16436,16265,16314,73.999038,1210826.35070115
287,2022-12-15 16:00:00,16310,16408,16294,16355,53.38092678,872641.4122893
288,2022-12-15 17:00:00,16355,16384,16298,16346,24.19787739,395498.24500516
289,2022-12-15 18:00:00,16342,16424,16339,16400,20.4657021,335539.77778328
290,2022-12-15 19:00:00,16397,16419,16305,16368,16.18218115,264792.76857593
291,2022-12-15 20:00:00,16369,16422,16356,16393,15.51588369,254265.3218582
292,2022-12-15 21:00:00,16394,16404,16371,16375,4.33547748,71047.95809267
293,2022-12-15 22:00:00,16374,16382,16312,16357,14.5223752,237598.54782748
294,2022-12-15 23:00:00,16352,16361,16248,16294,36.46951286,594499.43387326
295,2022-12-16 00:00:00,16299,16327,16257,16299,8.48972249,138386.64282225
296,2022-12-16 01:00:00,16297,16357,16290,16357,9.47615531,154619.9307616
297,2022-12-16 02:00:00,16359,16359,16318,16321,2.70475896,44183.23717636
298,2022-12-16 03:00:00,16322,16343,16313,16324,2.61561143,42699.65307454
299,2022-12-16 04:00:00,16323,16352,16320,16348,1.85124862,30245.71333007
300,2022-12-16 05:00:00,16351,16351,16320,16320,2.87968366,47034.61329847
301,2022-12-16 06:00:00,16319,16346,16310,16344,11.88384154,194204.89715755
302,2022-12-16 07:00:00,16343,16344,16310,16334,58.09996825,948617.25818467
303,2022-12-16 08:00:00,16333,16458,16329,16449,23.36898317,383135.15451121
304,2022-12-16 09:00:00,16447,16455,16140,16162,40.6534519,662518.73952594
305,2022-12-16 10:00:00,16160,16161,15946,16046,65.49127109,1050317.15140632
306,2022-12-16 11:00:00,16045,16045,15938,15981,25.1630479,402729.61567509
307,2022-12-16 12:00:00,15981,16020,15962,16001,31.80003836,508765.02570036
308,2022-12-16 13:00:00,16006,16025,15968,16025,17.9781773,287467.12213925
309,2022-12-16 14:00:00,16021,16024,15918,15936,21.25405509,339623.59627941
310,2022-12-16 15:00:00,15924,16044,15909,15992,34.243541,547855.70768839
311,2022-12-16 16:00:00,15989,15999,15911,15975,86.9585873,1390064.00182715
312,2022-12-16 17:00:00,15973,15980,15775,15822,74.64236882,1185894.04392895
313,2022-12-16 18:00:00,15833,15853,15790,15828,41.39251803,655190.4888771
314,2022-12-16 19:00:00,15829,15866,15808,15843,23.92384759,379074.77823679
315,2022-12-16 20:00:00,15838,15918,15834,15905,32.57691068,517083.33646313
316,2022-12-16 21:00:00,15904,15982,15892,15914,12.15793028,193660.42165359
317,2022-12-16 22:00:00,15913,15930,15869,15892,38.73428621,615933.61906386
318,2022-12-16 23:00:00,15893,15928,15777,15807,37.62920789,598357.28959138
319,2022-12-17 00:00:00,15796,15801,15630,15706,48.20706773,756979.22610608
320,2022-12-17 01:00:00,15709,15798,15684,15779,42.85720701,674810.5663216
321,2022-12-17 02:00:00,15775,15796,15738,15749,2.92920161,46198.11999427
322,2022-12-17 03:00:00,15743,15751,15665,15739,2.52249662,39631.49473907
323,2022-12-17 04:00:00,15742,15774,15727,15752,1.68381076,26523.72643507
324,2022-12-17 05:00:00,15756,15793,15736,15784,2.49457121,39323.18924211
325,2022-12-17 06:00:00,15784,15804,15756,15768,4.64094779,73228.32773535
326,2022-12-17 07:00:00,15768,15839,15750,15786,4.78051865,75513.31125585
327,2022-12-17 08:00:00,15786,15823,15762,15822,5.13039351,81032.79825387
328,2022-12-17 09:00:00,15820,15828,15792,15801,6.50664832,102846.14750464
329,2022-12-17 10:00:00,15798,15811,15758,15775,6.28495657,99234.95141352
330,2022-12-17 11:00:00,15775,15819,15746,15808,8.73231471,137864.78659271
331,2022-12-17 12:00:00,15808,15820,15767,15780,14.02088786,221389.70864243
332,2022-12-17 13:00:00,15780,15794,15744,15762,6.99640177,110317.12225
333,2022-12-17 14:00:00,15761,15777,15729,15743,13.49062403,212474.20171505
334,2022-12-17 15:00:00,15740,15782,15721,15721,10.43821072,164506.34311614
335,2022-12-17 16:00:00,15725,15773,15723,15771,6.63596957,104539.66341699
336,2022-12-17 17:00:00,15769,15771,15751,15766,4.18852522,66018.18197206
337,2022-12-17 18:00:00,15765,15770,15728,15749,4.51951954,71209.85091148
338,2022-12-17 19:00:00,15749,15788,15740,15773,7.95832904,125550.15301804
339,2022-12-17 20:00:00,15773,15788,15757,15765,6.52224459,102872.89141456
340,2022-12-17 21:00:00,15765,15778,15759,15770,5.06427489,79841.01883177
341,2022-12-17 22:00:00,15770,15799,15767,15780,30.68365261,484655.62590056
342,2022-12-17 23:00:00,15779,15814,15772,15807,9.7785899,154398.72666874
343,2022-12-18 00:00:00,15807,15858,15796,15843,4.20300832,66516.78477437
344,2022-12-18 01:00:00,15844,15847,15794,15816,3.33678155,52771.96119454
345,2022-12-18 02:00:00,15813,15813,15777,15784,1.80327807,28471.64261267
346,2022-12-18 03:00:00,15782,15806,15782,15803,1.71279683,27054.31982982
347,2022-12-18 04:00:00,15803,15813,15796,15813,0.98447308,15557.68758902
348,2022-12-18 05:00:00,15812,15863,15809,15827,3.04283368,48187.17586933
349,2022-12-18 06:00:00,15827,15830,15808,15808,1.18395217,18729.87706977
350,2022-12-18 07:00:00,15808,15810,15793,15806,1.50462749,23777.03449869
351,2022-12-18 08:00:00,15808,15826,15808,15818,0.77471966,12253.81959926
352,2022-12-18 09:00:00,15822,15831,15811,15825,3.9986848,63266.22795323
353,2022-12-18 10:00:00,15825,15825,15739,15771,4.70785662,74257.64559748
354,2022-12-18 11:00:00,15772,15787,15767,15776,3.97831385,62769.17153229
355,2022-12-18 12:00:00,15775,15794,15773,15780,6.41488564,101265.48471951
356,2022-12-18 13:00:00,15779,15797,15775,15787,9.85050586,155472.30813208
357,2022-12-18 14:00:00,15789,15795,15773,15780,10.71046257,169030.92981723
358,2022-12-18 15:00:00,15780,15791,15756,15756,3.91205815,61705.54232904
359,2022-12-18 16:00:00,15759,15766,15748,15757,3.401347,53601.36699938
360,2022-12-18 17:00:00,15756,15771,15748,15767,4.74398314,74764.7239166
361,2022-12-18 18:00:00,15765,15780,15753,15777,2.32050606,36578.83840477
362,2022-12-18 19:00:00,15777,15854,15777,15811,9.23165739,146025.01253031
363,2022-12-18 20:00:00,15814,15830,15800,15822,7.11752721,112574.35302202
364,2022-12-18 21:00:00,15822,15837,15816,15825,7.86842906,124521.22044797
365,2022-12-18 22:00:00,15825,15863,15807,15815,28.31642742,448642.47266246
366,2022-12-18 23:00:00,15816,15899,15806,15835,43.92049061,695372.10315871
367,2022-12-19 00:00:00,15830,15882,15818,15821,15.98814199,253341.90013099
368,2022-12-19 01:00:00,15824,15869,15796,15834,41.42460042,656202.75607207
369,2022-12-19 02:00:00,15833,15854,15813,15829,11.66387801,184670.61060312
370,2022-12-19 03:00:00,15830,15830,15763,15771,10.10277322,159644.58055829
371,2022-12-19 04:00:00,15772,15772,15686,15724,18.42821362,289448.68328498
372,2022-12-19 05:00:00,15724,15771,15721,15753,2.73071784,43006.62154205
373,2022-12-19 06:00:00,15751,15767,15734,15743,11.74396759,184965.99900364
374,2022-12-19 07:00:00,15743,15759,15706,15740,12.59765714,198224.19249491
375,2022-12-19 08:00:00,15741,15748,15709,15738,12.48902622,196389.74097314
376,2022-12-19 09:00:00,15741,15742,15716,15730,24.48586677,385230.86539903
377,2022-12-19 10:00:00,15730,15755,15700,15755,28.35771298,445994.50388186
378,2022-12-19 11:00:00,15755,15785,15737,15774,41.8089936,659124.89258888
379,2022-12-19 12:00:00,15774,15780,15755,15765,21.60098817,340628.64491514
380,2022-12-19 13:00:00,15765,15779,15752,15778,36.97566887,583032.24519705
381,2022-12-19 14:00:00,15779,15794,15738,15738,20.75827485,327439.79340543
382,2022-12-19 15:00:00,15737,15799,15700,15772,18.69371795,294194.2188344
383,2022-12-19 16:00:00,15769,15774,15731,15747,28.29945068,445849.96230082
384,2022-12-19 17:00:00,15739,15748,15620,15646,84.80814944,1329129.01236933
385,2022-12-19 18:00:00,15660,15660,15550,15611,21.73213128,339143.03148371
386,2022-12-19 19:00:00,15611,15653,15569,15578,12.03746243,188005.91607605
387,2022-12-19 20:00:00,15578,15625,15570,15596,7.33922126,114419.96022533
388,2022-12-19 21:00:00,15601,15651,15587,15645,16.64650219,260162.64032059
389,2022-12-19 22:00:00,15637,15681,15626,15627,12.5274213,196032.60731449
390,2022-12-19 23:00:00,15627,15643,15353,15447,40.53129245,626716.03888369
391,2022-12-20 00:00:00,15460,15500,15425,15486,5.78431851,89438.97841959
392,2022-12-20 01:00:00,15477,15531,15457,15520,7.77271116,120434.10810734
393,2022-12-20 02:00:00,15520,15633,15502,15615,15.24048515,237611.09959843
394,2022-12-20 03:00:00,15615,15830,15588,15731,36.50046516,574356.16158711
395,2022-12-20 04:00:00,15730,15820,15674,15752,12.73184964,200318.39898124
396,2022-12-20 05:00:00,15755,15875,15718,15816,16.49937599,260796.15418015
397,2022-12-20 06:00:00,15816,15866,15797,15847,11.85472274,187440.46369577
398,2022-12-20 07:00:00,15842,15881,15806,15869,11.54324051,182884.02268312
399,2022-12-20 08:00:00,15879,15883,15810,15824,62.15527072,984009.96485629
400,2022-12-20 09:00:00,15824,15825,15787,15808,13.52442593,213768.79763089
401,2022-12-20 10:00:00,15808,15835,15794,15804,16.6298799,263025.10546649
402,2022-12-20 11:00:00,15806,15821,15774,15783,16.849264,266221.93859823
403,2022-12-20 12:00:00,15784,15845,15774,15793,10.04120875,158689.77485997
404,2022-12-20 13:00:00,15791,15851,15790,15842,14.48787434,229148.39527576
405,2022-12-20 14:00:00,15843,15874,15814,15814,14.92260609,236512.69753232
406,2022-12-20 15:00:00,15818,15956,15745,15896,42.43988396,673687.88475994
407,2022-12-20 16:00:00,15882,15999,15876,15902,42.99199146,685122.26749046
408,2022-12-20 17:00:00,15905,15918,15788,15830,24.12604367,382112.10005851
409,2022-12-20 18:00:00,15830,15848,15804,15841,11.4536769,181208.02197241
410,2022-12-20 19:00:00,15836,15882,15811,15874,15.56632569,246782.8492397
411,2022-12-20 20:00:00,15879,15932,15877,15910,7.96006429,126562.66871561
412,2022-12-20 21:00:00,15911,15934,15864,15883,17.13190459,272416.11463284
413,2022-12-20 22:00:00,15878,15898,15846,15885,9.25911385,146876.19894328
414,2022-12-20 23:00:00,15883,15903,15858,15875,6.0253668,95676.48414734
415,2022-12-21 00:00:00,15874,15920,15874,15907,4.00627569,63699.41097836
416,2022-12-21 01:00:00,15897,15926,15832,15854,12.2714909,194841.04981733
417,2022-12-21 02:00:00,15860,15888,15844,15879,2.46110199,39041.00301615
418,2022-12-21 03:00:00,15875,15887,15848,15872,1.84153513,29230.22478963
419,2022-12-21 04:00:00,15869,15872,15824,15860,8.97255001,142269.0423072
420,2022-12-21 05:00:00,15858,15860,15826,15829,10.42864976,165230.55521899
421,2022-12-21 06:00:00,15829,15871,15821,15855,3.42251824,54247.82620775
422,2022-12-21 07:00:00,15853,15873,15850,15858,5.40486186,85726.61496732
423,2022-12-21 08:00:00,15854,15862,15816,15819,47.73839101,755593.58329955
424,2022-12-21 09:00:00,15817,15873,15801,15851,28.44252963,449926.71229561
425,2022-12-21 10:00:00,15852,15900,15846,15888,21.83693481,346710.40080975
426,2022-12-21 11:00:00,15889,15895,15870,15874,15.61516369,248022.2679032
427,2022-12-21 12:00:00,15876,15910,15867,15904,8.29720421,131785.77915245
428,2022-12-21 13:00:00,15904,15907,15833,15836,29.75290875,472002.93667684
429,2022-12-21 14:00:00,15832,15850,15808,15844,16.41003632,259710.81592641
430,2022-12-21 15:00:00,15847,15925,15780,15819,20.38289412,323585.79233186
431,2022-12-21 16:00:00,15829,15879,15813,15879,17.85270432,282908.75965907
432,2022-12-21 17:00:00,15879,15886,15825,15830,6.29644817,99842.84222226
433,2022-12-21 18:00:00,15829,15861,15817,15855,16.79709804,266199.49019096
434,2022-12-21 19:00:00,15853,15872,15808,15814,15.83713168,250859.35865536
435,2022-12-21 20:00:00,15814,15817,15759,15778,12.29780356,194327.89024525
436,2022-12-21 21:00:00,15775,15802,15761,15802,8.30690143,131105.90710923
437,2022-12-21 22:00:00,15805,15822,15792,15821,4.50070106,71154.72761849
438,2022-12-21 23:00:00,15828,15828,15793,15804,3.47473211,54912.46660091
439,2022-12-22 00:00:00,15795,15862,15792,15857,9.52596148,150540.80848196
440,2022-12-22 01:00:00,15857,15880,15839,15873,2.0087922,31845.33069324
441,2022-12-22 02:00:00,15869,15869,15817,15820,2.47190817,39164.59516521
442,2022-12-22 03:00:00,15817,15850,15817,15846,3.99487005,63208.15231691
443,2022-12-22 04:00:00,15847,15852,15821,15828,1.62264329,25703.9594376
444,2022-12-22 05:00:00,15829,15839,15815,15815,2.09420028,33143.48418105
445,2022-12-22 06:00:00,15813,15813,15792,15797,2.37607506,37544.54456388
446,2022-12-22 07:00:00,15795,15796,15764,15783,2.56997813,40535.16182714
447,2022-12-22 08:00:00,15777,15814,15763,15806,38.63369279,609449.87419729
448,2022-12-22 09:00:00,15808,15833,15785,15831,59.4560673,939265.82463536
449,2022-12-22 10:00:00,15828,15851,15812,15822,13.83926655,219007.8904148
450,2022-12-22 11:00:00,15824,15832,15804,15820,19.22005546,304024.04819629
451,2022-12-22 12:00:00,15820,15857,15819,15849,24.73911935,391569.4437605
452,2022-12-22 13:00:00,15849,15855,15803,15803,17.25296946,273119.89414135
453,2022-12-22 14:00:00,15803,15830,15773,15809,17.01986404,268987.25692065
454,2022-12-22 15:00:00,15809,15816,15696,15716,36.42339606,573285.49671659
455,2022-12-22 16:00:00,15716,15749,15665,15679,55.17614041,866675.03443209
456,2022-12-22 17:00:00,15678,15729,15664,15726,13.10419814,205796.54995527
457,2022-12-22 18:00:00,15723,15734,15653,15672,24.95587269,391608.21173672
458,2022-12-22 19:00:00,15672,15703,15651,15702,11.03969116,173087.68548813
459,2022-12-22 20:00:00,15703,15745,15697,15722,22.01774823,346138.06709739
460,2022-12-22 21:00:00,15725,15882,15711,15830,34.76470246,548906.05898207
461,2022-12-22 22:00:00,15829,15877,15826,15843,22.39435787,355091.2018072
462,2022-12-22 23:00:00,15845,15884,15833,15847,6.41991579,101776.1540301
463,2022-12-23 00:00:00,15847,15871,15844,15860,5.16845158,81970.27712361
464,2022-12-23 01:00:00,15856,15865,15825,15838,2.25799464,35767.29491586
465,2022-12-23 02:00:00,15841,15849,15833,15836,1.78395373,28258.80829484
466,2022-12-23 03:00:00,15836,15880,15817,15875,8.9316372,141533.48292319
467,2022-12-23 04:00:00,15873,15900,15853,15860,29.8130018,473848.59514875
468,2022-12-23 05:00:00,15860,15872,15840,15871,1.73661706,27534.60680462
469,2022-12-23 06:00:00,15869,15881,15853,15860,1.52880325,24252.27651868
470,2022-12-23 07:00:00,15859,15881,15849,15870,4.4204118,70130.71890842
471,2022-12-23 08:00:00,15872,15876,15839,15841,7.14775693,113342.15114303
472,2022-12-23 09:00:00,15836,15869,15824,15867,18.59203092,294658.52461331
473,2022-12-23 10:00:00,15863,15881,15848,15868,12.09170559,191869.54707449
474,2022-12-23 11:00:00,15868,15899,15858,15878,33.55199418,532845.42123457
475,2022-12-23 12:00:00,15876,15877,15853,15863,15.61139807,247681.06805631
476,2022-12-23 13:00:00,15860,15898,15854,15879,21.22941935,336893.58193989
477,2022-12-23 14:00:00,15880,15912,15786,15870,73.85574587,1172664.27912406
478,2022-12-23 15:00:00,15870,15870,15806,15819,44.21015002,700476.91272971
479,2022-12-23 16:00:00,15815,15888,15805,15854,16.27755929,258003.12935378
480,2022-12-23 17:00:00,15854,15858,15829,15836,6.7200641,106459.78334326
481,2022-12-23 18:00:00,15835,15859,15835,15851,6.45015601,102197.05127663
482,2022-12-23 19:00:00,15851,15867,15847,15860,5.5176024,87499.38892173
483,2022-12-23 20:00:00,15864,15877,15851,15855,4.17595354,66259.50203045
484,2022-12-23 21:00:00,15855,15860,15819,15828,5.58387541,88456.5250938
485,2022-12-23 22:00:00,15826,15838,15805,15827,5.00742693,79243.38278188
486,2022-12-23 23:00:00,15826,15831,15784,15794,3.85095176,60850.71390249
487,2022-12-24 00:00:00,15793,15803,15780,15787,3.92297829,61947.79299748
488,2022-12-24 01:00:00,15787,15820,15784,15811,5.23342963,82739.75460661
489,2022-12-24 02:00:00,15811,15829,15804,15819,3.24496942,51317.50601576
490,2022-12-24 03:00:00,15816,15836,15811,15836,2.00803408,31783.30401446
491,2022-12-24 04:00:00,15835,15848,15833,15848,1.90605357,30196.31739495
492,2022-12-24 05:00:00,15848,15848,15831,15831,2.05971501,32623.61333423
493,2022-12-24 06:00:00,15831,15831,15815,15831,1.82851746,28933.35471608
494,2022-12-24 07:00:00,15830,15831,15818,15828,1.17291342,18561.84097623
495,2022-12-24 08:00:00,15825,15858,15818,15855,6.07961233,96243.98048086
496,2022-12-24 09:00:00,15855,15855,15836,15843,2.44983842,38821.42539125
497,2022-12-24 10:00:00,15837,15854,15828,15841,4.06366705,64368.65557613
498,2022-12-24 11:00:00,15835,15839,15830,15832,3.62721703,57438.50675771
499,2022-12-24 12:00:00,15832,15839,15828,15832,4.02089363,63666.28014736
500,2022-12-24 13:00:00,15831,15835,15823,15827,4.94040321,78188.02840528
501,2022-12-24 14:00:00,15825,15833,15822,15825,6.0478816,95712.7732836
502,2022-12-24 15:00:00,15825,15842,15821,15838,4.72977899,74864.89226952
503,2022-12-24 16:00:00,15836,15843,15836,15841,2.77818931,44006.04957906
504,2022-12-24 17:00:00,15839,15843,15826,15841,2.74645299,43496.9356961
505,2022-12-24 18:00:00,15841,15844,15831,15842,2.38308467,37743.78220057
506,2022-12-24 19:00:00,15841,15845,15832,15840,3.04440185,48219.2001321
507,2022-12-24 20:00:00,15840,15856,15837,15841,3.32614168,52700.68462328
508,2022-12-24 21:00:00,15840,15843,15833,15841,2.72032587,43088.02576184
509,2022-12-24 22:00:00,15840,15850,15825,15826,3.23763475,51283.17827732
510,2022-12-24 23:00:00,15826,15838,15818,15828,4.88341569,77312.80947796
511,2022-12-25 00:00:00,15828,15848,15816,15835,5.23992835,82994.14109981
512,2022-12-25 01:00:00,15836,15841,15834,15841,2.50788634,39716.16205411
513,2022-12-25 02:00:00,15838,15845,15837,15842,1.09756463,17386.77937275
514,2022-12-25 03:00:00,15842,15843,15825,15829,2.96983452,47028.19198262
515,2022-12-25 04:00:00,15826,15839,15826,15837,1.69282823,26805.21357011
516,2022-12-25 05:00:00,15837,15837,15826,15830,2.77981566,44008.50207621
517,2022-12-25 06:00:00,15829,15840,15816,15835,5.50734505,87157.73436318
518,2022-12-25 07:00:00,15835,15837,15827,15836,0.91435576,14476.45235316
519,2022-12-25 08:00:00,15836,15836,15829,15829,1.43869213,22776.24517944
520,2022-12-25 09:00:00,15829,15838,15828,15835,1.38257134,21893.6084256
521,2022-12-25 10:00:00,15835,15843,15832,15841,2.67227554,42316.01120923
522,2022-12-25 11:00:00,15841,15841,15827,15832,2.37363452,37580.97565653
523,2022-12-25 12:00:00,15830,15833,15825,15832,4.46634988,70695.06857331
524,2022-12-25 13:00:00,15832,15832,15823,15826,3.54681544,56141.18654919
525,2022-12-25 14:00:00,15826,15829,15811,15821,5.75858116,91122.27127439
526,2022-12-25 15:00:00,15821,15836,15752,15835,13.37765407,211407.85182061
527,2022-12-25 16:00:00,15832,15850,15804,15806,6.00359435,95084.5914893
528,2022-12-25 17:00:00,15804,15823,15783,15821,4.24454643,67116.82951618
529,2022-12-25 18:00:00,15820,15823,15803,15803,3.41335149,53972.28166366
530,2022-12-25 19:00:00,15802,15809,15787,15791,3.56589388,56349.59932022
531,2022-12-25 20:00:00,15790,15807,15752,15803,5.73576651,90444.11330557
532,2022-12-25 21:00:00,15803,15807,15779,15783,4.37887912,69164.07314433
533,2022-12-25 22:00:00,15779,15850,15777,15834,3.1387322,49608.35369186
534,2022-12-25 23:00:00,15834,15850,15828,15837,8.25228343,130687.46550096
535,2022-12-26 00:00:00,15837,15850,15829,15844,2.16633815,34312.70041833
536,2022-12-26 01:00:00,15839,15846,15826,15846,9.87949562,156441.31933611
537,2022-12-26 02:00:00,15848,15875,15846,15869,1.96231615,31111.81034557
538,2022-12-26 03:00:00,15869,15902,15869,15902,26.76835136,425390.61033494
539,2022-12-26 04:00:00,15898,15902,15884,15899,1.83713258,29199.85607389
540,2022-12-26 05:00:00,15902,15914,15873,15879,3.27973743,52132.62771677
541,2022-12-26 06:00:00,15884,15886,15855,15856,4.51915842,71691.94107751
542,2022-12-26 07:00:00,15852,15865,15847,15847,7.03275724,111531.63077079
543,2022-12-26 08:00:00,15848,15849,15834,15842,3.26586524,51736.98231635
544,2022-12-26 09:00:00,15841,15850,15831,15845,3.16047972,50063.75885839
545,2022-12-26 10:00:00,15841,15846,15828,15828,8.45323298,133887.79180844
546,2022-12-26 11:00:00,15827,15851,15822,15837,10.58630345,167680.47634423
547,2022-12-26 12:00:00,15837,15864,15833,15853,9.81299765,155564.73040237
548,2022-12-26 13:00:00,15854,15859,15835,15851,47.09678924,746397.56499116
549,2022-12-26 14:00:00,15852,15852,15824,15829,4.25130101,67324.08242574
550,2022-12-26 15:00:00,15827,15834,15818,15828,3.57420136,56569.20152728
551,2022-12-26 16:00:00,15828,15831,15791,15801,8.27707958,130841.39299293
552,2022-12-26 17:00:00,15801,15832,15795,15831,4.34868602,68781.61548381
553,2022-12-26 18:00:00,15831,15832,15815,15825,3.44867086,54577.69796118
554,2022-12-26 19:00:00,15822,15831,15806,15807,5.00892862,79226.24446791
555,2022-12-26 20:00:00,15806,15844,15802,15830,4.88659934,77337.24356394
556,2022-12-26 21:00:00,15826,15835,15819,15826,5.74601806,90929.90994781
557,2022-12-26 22:00:00,15823,15831,15811,15814,13.49458847,213544.37244684
558,2022-12-26 23:00:00,15812,15827,15809,15820,4.35936665,68961.19769046
559,2022-12-27 00:00:00,15820,15899,15805,15884,12.88602353,204219.91178918
560,2022-12-27 01:00:00,15884,15932,15824,15835,3.706512,58887.31287509
561,2022-12-27 02:00:00,15836,15847,15821,15824,1.82742486,28927.40168313
562,2022-12-27 03:00:00,15824,15850,15812,15825,10.51447641,166405.46308756
563,2022-12-27 04:00:00,15824,15841,15814,15831,4.82418582,76308.37909527
564,2022-12-27 05:00:00,15835,15839,15821,15824,5.17354508,81880.83298901
565,2022-12-27 06:00:00,15828,15831,15790,15793,25.7082849,406730.879185
566,2022-12-27 07:00:00,15792,15807,15780,15807,3.89588594,61526.36901361
567,2022-12-27 08:00:00,15807,15820,15793,15820,4.16601345,65849.77705576
568,2022-12-27 09:00:00,15821,15828,15797,15807,5.55757204,87907.94514929
569,2022-12-27 10:00:00,15800,15832,15773,15817,21.8056641,344611.30955017
570,2022-12-27 11:00:00,15816,15830,15787,15794,8.99276102,142114.29601112
571,2022-12-27 12:00:00,15792,15795,15751,15774,17.74172976,279809.49997553
572,2022-12-27 13:00:00,15773,15804,15766,15795,18.01144372,284217.52298889
573,2022-12-27 14:00:00,15795,15832,15792,15813,14.79880364,233938.06872898
574,2022-12-27 15:00:00,15812,15839,15748,15769,28.61817748,451814.76079521
575,2022-12-27 16:00:00,15764,15792,15741,15763,19.63993128,309685.4868524
576,2022-12-27 17:00:00,15763,15766,15721,15731,8.50083049,133788.25548238
577,2022-12-27 18:00:00,15730,15745,15620,15665,17.83466584,279805.43354455
578,2022-12-27 19:00:00,15665,15668,15600,15610,7.64528585,119525.0871142
579,2022-12-27 20:00:00,15609,15669,15586,15667,10.72565277,167750.29753439
580,2022-12-27 21:00:00,15669,15677,15643,15649,3.15055022,49337.8500214
581,2022-12-27 22:00:00,15649,15690,15640,15684,5.87281717,91938.08372435
582,2022-12-27 23:00:00,15687,15688,15670,15674,3.4490702,54072.91159838
583,2022-12-28 00:00:00,15674,15706,15674,15695,2.21645863,34786.29578078
584,2022-12-28 01:00:00,15692,15724,15680,15689,2.79718809,43905.44765323
585,2022-12-28 02:00:00,15694,15722,15659,15681,2.34164852,36709.29021863
586,2022-12-28 03:00:00,15684,15694,15667,15679,1.74534017,27364.41771858
587,2022-12-28 04:00:00,15677,15682,15560,15645,23.18339504,362394.9574427
588,2022-12-28 05:00:00,15643,15660,15632,15650,18.67907512,292160.79647079
589,2022-12-28 06:00:00,15646,15650,15565,15578,4.34805049,67888.67356063
590,2022-12-28 07:00:00,15575,15591,15566,15589,4.10438905,63952.69709459
591,2022-12-28 08:00:00,15591,15625,15591,15625,3.59762096,56174.73621223
592,2022-12-28 09:00:00,15625,15638,15607,15627,23.50581257,367226.38783492
593,2022-12-28 10:00:00,15625,15659,15624,15647,18.32562288,286631.7818824
594,2022-12-28 11:00:00,15647,15668,15635,15663,33.68554257,527203.38259892
595,2022-12-28 12:00:00,15663,15665,15638,15651,13.65903195,213802.47499405
596,2022-12-28 13:00:00,15649,15661,15621,15628,10.58722114,165530.02885608
597,2022-12-28 14:00:00,15627,15649,15625,15634,13.95106348,218129.95225285
598,2022-12-28 15:00:00,15636,15699,15611,15691,13.48072969,210918.24155315
599,2022-12-28 16:00:00,15691,15735,15595,15595,19.93727825,311917.39637229
600,2022-12-28 17:00:00,15594,15640,15582,15617,16.59863506,259162.72472972
601,2022-12-28 18:00:00,15617,15649,15608,15645,12.19754526,190651.477516
602,2022-12-28 19:00:00,15639,15663,15625,15651,16.93044449,264831.92434451
603,2022-12-28 20:00:00,15651,15659,15616,15619,15.08267096,235848.01844402
604,2022-12-28 21:00:00,15619,15643,15611,15636,10.34430803,161689.52086363
605,2022-12-28 22:00:00,15634,15634,15521,15564,22.11590451,344150.75988518
606,2022-12-28 23:00:00,15564,15573,15518,15554,12.98706848,201884.79669545
607,2022-12-29 00:00:00,15551,15571,15547,15557,9.99201423,155481.20812453
608,2022-12-29 01:00:00,15556,15600,15556,15584,10.87037417,169273.71391303
609,2022-12-29 02:00:00,15588,15588,15557,15563,9.70132338,150986.6533911
610,2022-12-29 03:00:00,15550,15563,15511,15554,14.50150516,225352.44057802
611,2022-12-29 04:00:00,15553,15576,15548,15573,5.29489169,82383.98232063
612,2022-12-29 05:00:00,15573,15600,15560,15588,15.70096728,244785.15363625
613,2022-12-29 06:00:00,15587,15594,15570,15590,2.47941496,38633.36966348
614,2022-12-29 07:00:00,15591,15606,15583,15592,5.34638867,83373.53166816
615,2022-12-29 08:00:00,15593,15594,15563,15572,16.0655569,250254.08102634
616,2022-12-29 09:00:00,15571,15580,15520,15537,14.15082992,219811.36648992
617,2022-12-29 10:00:00,15535,15614,15532,15566,16.10397347,250637.40789311
618,2022-12-29 11:00:00,15566,15608,15566,15604,27.48054609,428263.1013578
619,2022-12-29 12:00:00,15604,15618,15583,15584,19.72265907,307685.55888607
620,2022-12-29 13:00:00,15588,15601,15569,15589,25.74990333,401235.30090407
621,2022-12-29 14:00:00,15590,15621,15573,15589,27.02608609,421551.22619302
622,2022-12-29 15:00:00,15590,15617,15568,15611,73.44096189,1144938.14759237
623,2022-12-29 16:00:00,15611,15634,15567,15569,27.40177831,427486.09530631
624,2022-12-29 17:00:00,15569,15602,15562,15583,14.57886064,227150.08923436
625,2022-12-29 18:00:00,15582,15586,15541,15547,10.07215267,156773.73449097
626,2022-12-29 19:00:00,15546,15573,15541,15573,7.53292007,117170.92164851
627,2022-12-29 20:00:00,15574,15580,15541,15550,10.84038711,168686.36901974
628,2022-12-29 21:00:00,15551,15559,15515,15553,7.54504174,117290.53390525
629,2022-12-29 22:00:00,15554,15572,15544,15557,5.82379314,90598.02369913
630,2022-12-29 23:00:00,15560,15592,15557,15577,4.82852853,75199.228856
631,2022-12-30 00:00:00,15581,15611,15574,15601,6.0803673,94843.39498611
632,2022-12-30 01:00:00,15601,15605,15574,15581,22.65484244,353042.32048361
633,2022-12-30 02:00:00,15581,15592,15566,15570,3.19573193,49775.72886078
634,2022-12-30 03:00:00,15572,15587,15557,15566,6.64429359,103455.31851254
635,2022-12-30 04:00:00,15575,15577,15553,15566,1.64526543,25610.28996115
636,2022-12-30 05:00:00,15566,15582,15561,15582,1.33030682,20708.50756708
637,2022-12-30 06:00:00,15575,15578,15504,15541,4.81014518,74774.16195772
638,2022-12-30 07:00:00,15541,15556,15524,15532,3.05680944,47515.7236333
639,2022-12-30 08:00:00,15531,15532,15435,15470,31.06926587,481071.71150147
640,2022-12-30 09:00:00,15467,15473,15432,15458,15.13515381,233809.58643663
641,2022-12-30 10:00:00,15457,15498,15457,15488,15.50030927,239919.91408441
642,2022-12-30 11:00:00,15488,15489,15442,15448,13.29245455,205624.41146045
643,2022-12-30 12:00:00,15448,15448,15424,15441,21.40937545,330464.98974655
644,2022-12-30 13:00:00,15441,15447,15420,15441,32.50366139,501662.9762612
645,2022-12-30 14:00:00,15441,15467,15422,15425,26.54634249,410250.9029385
646,2022-12-30 15:00:00,15420,15448,15305,15351,43.57036346,669834.29016905
647,2022-12-30 16:00:00,15349,15526,15344,15507,32.10985168,496992.06967902
648,2022-12-30 17:00:00,15508,15517,15456,15462,43.23907262,669683.09434487
649,2022-12-30 18:00:00,15461,15463,15415,15425,58.9484097,910145.38928743
650,2022-12-30 19:00:00,15428,15477,15423,15472,37.60318779,580772.84212868
651,2022-12-30 20:00:00,15472,15480,15439,15444,27.23623674,421223.3854989
652,2022-12-30 21:00:00,15442,15473,15441,15471,12.87251643,198913.33465081
653,2022-12-30 22:00:00,15476,15550,15476,15489,26.7548656,415000.63980196
654,2022-12-30 23:00:00,15486,15494,15479,15479,7.65190163,118484.18865255
655,2022-12-31 00:00:00,15483,15512,15472,15505,6.27030797,97151.94302337
656,2022-12-31 01:00:00,15505,15509,15479,15479,2.96262235,45897.56307181
657,2022-12-31 02:00:00,15476,15479,15462,15467,2.63292146,40731.85062836
658,2022-12-31 03:00:00,15467,15475,15457,15475,2.83723616,43876.4029848
659,2022-12-31 04:00:00,15472,15473,15448,15451,2.99068007,46250.23832755
660,2022-12-31 05:00:00,15450,15452,15436,15451,5.79817497,89535.18679758
661,2022-12-31 06:00:00,15451,15459,15438,15440,2.46845206,38128.64637501
662,2022-12-31 07:00:00,15439,15455,15438,15446,2.14456683,33128.22026269
663,2022-12-31 08:00:00,15447,15464,15442,15463,3.69455062,57093.16994863
664,2022-12-31 09:00:00,15462,15479,15453,15458,3.84889575,59511.14310324
665,2022-12-31 10:00:00,15455,15456,15442,15451,8.27574459,127863.51953739
666,2022-12-31 11:00:00,15450,15468,15450,15464,4.56886368,70623.75172657
667,2022-12-31 12:00:00,15464,15479,15464,15471,6.24507901,96618.81820887
668,2022-12-31 13:00:00,15471,15484,15455,15479,5.98206951,92516.52552142
669,2022-12-31 14:00:00,15478,15498,15476,15498,8.0573342,124807.68704303
670,2022-12-31 15:00:00,15498,15535,15483,15495,28.46357277,441255.89669958
671,2022-12-31 16:00:00,15486,15522,15486,15487,4.07582037,63173.42366602
672,2022-12-31 17:00:00,15493,15500,15484,15495,23.66668558,366698.35048194
673,2022-12-31 18:00:00,15491,15493,15472,15476,3.18403473,49286.97108232
674,2022-12-31 19:00:00,15476,15485,15463,15467,8.53453722,132030.30827092
675,2022-12-31 20:00:00,15467,15472,15451,15454,11.18995913,172980.56791873
676,2022-12-31 21:00:00,15456,15457,15450,15450,1.86005104,28741.84826412
677,2022-12-31 22:00:00,15450,15453,15430,15432,3.58464281,55349.03660046
678,2022-12-31 23:00:00,15429,15446,15367,15400,9.05535327,139537.12346132
679,2023-01-01 00:00:00,15408,15435,15380,15428,4.81885652,74254.1581836
680,2023-01-01 01:00:00,15433,15433,15400,15418,2.48028605,38244.71188176
681,2023-01-01 02:00:00,15415,15438,15411,15435,2.5547103,39403.53216407
682,2023-01-01 03:00:00,15433,15445,15427,15435,0.99799735,15403.65462778
683,2023-01-01 04:00:00,15432,15432,15409,15423,0.85478182,13181.47048587
684,2023-01-01 05:00:00,15423,15423,15406,15409,1.089147,16790.00882827
685,2023-01-01 06:00:00,15412,15423,15404,15423,0.83116759,12808.36915134
686,2023-01-01 07:00:00,15420,15437,15420,15430,1.01866942,15717.61394715
687,2023-01-01 08:00:00,15430,15430,15394,15423,1.629017,25109.77171861
688,2023-01-01 09:00:00,15420,15424,15409,15412,8.99752061,138731.15947581
689,2023-01-01 10:00:00,15412,15439,15409,15439,3.67243524,56641.94262557
690,2023-01-01 11:00:00,15437,15448,15435,15444,3.3484024,51703.34176907
691,2023-01-01 12:00:00,15447,15456,15440,15456,3.47110828,53620.49771637
692,2023-01-01 13:00:00,15454,15470,15453,15461,3.12514165,48312.0598104
693,2023-01-01 14:00:00,15463,15465,15440,15448,3.97607535,61427.3480924
694,2023-01-01 15:00:00,15449,15458,15445,15445,3.12842241,48342.62294252
695,2023-01-01 16:00:00,15444,15454,15438,15454,5.0064115,77324.7045493
696,2023-01-01 17:00:00,15454,15473,15453,15459,7.90661199,122258.94595968
697,2023-01-01 18:00:00,15463,15479,15458,15470,5.59936658,86627.00127414
698,2023-01-01 19:00:00,15472,15495,15470,15481,9.6592612,149509.48932434
699,2023-01-01 20:00:00,15481,15503,15481,15489,16.69648496,258730.71011442
700,2023-01-01 21:00:00,15491,15515,15487,15502,7.92302324,122803.86510535
701,2023-01-01 22:00:00,15501,15510,15494,15504,14.39612569,223180.84938902
702,2023-01-01 23:00:00,15504,15513,15497,15510,82.75552185,1283115.44863281
703,2023-01-02 00:00:00,15510,15533,15508,15520,11.57477971,179604.7215249
704,2023-01-02 01:00:00,15517,15522,15486,15486,4.00248085,62075.70727786
705,2023-01-02 02:00:00,15481,15481,15456,15475,5.53746813,85665.01664527
706,2023-01-02 03:00:00,15475,15502,15473,15502,1.3743134,21286.40449642
707,2023-01-02 04:00:00,15499,15599,15497,15566,27.46038921,427894.85706231
708,2023-01-02 05:00:00,15567,15571,15526,15527,2.95151586,45906.60232229
709,2023-01-02 06:00:00,15529,15549,15521,15537,6.76210441,105019.96958228
710,2023-01-02 07:00:00,15535,15554,15532,15549,8.59898328,133654.47042498
711,2023-01-02 08:00:00,15549,15666,15545,15652,9.404303,146968.32933627
712,2023-01-02 09:00:00,15651,15692,15632,15648,13.8444819,216766.66938908
713,2023-01-02 10:00:00,15648,15655,15621,15641,17.13366565,267953.86169045
714,2023-01-02 11:00:00,15641,15670,15635,15650,14.36324688,224848.09708598
715,2023-01-02 12:00:00,15652,15652,15623,15644,12.77241456,199735.74499222
716,2023-01-02 13:00:00,15643,15651,15631,15637,13.94582184,218111.3235695
717,2023-01-02 14:00:00,15637,15638,15602,15617,21.79413668,340403.5008861
718,2023-01-02 15:00:00,15617,15636,15606,15635,10.57729471,165213.27784217
719,2023-01-02 16:00:00,15632,15684,15630,15670,8.75528377,137101.57225873
720,2023-01-02 17:00:00,15671,15685,15651,15665,25.02917843,392073.4844608
721,2023-01-02 18:00:00,15667,15673,15650,15653,5.02771221,78736.00566716
722,2023-01-02 19:00:00,15653,15667,15646,15659,16.384286,256586.9256668
723,2023-01-02 20:00:00,15659,15663,15642,15661,27.10386432,424273.88500266
724,2023-01-02 21:00:00,15660,15660,15638,15649,14.41585049,225544.13628857
725,2023-01-02 22:00:00,15646,15711,15642,15673,39.95302254,626331.00217335
726,2023-01-02 23:00:00,15672,15675,15616,15620,6.80227086,106462.74960237
727,2023-01-03 00:00:00,15620,15654,15583,15594,10.83905892,169380.28818324
728,2023-01-03 01:00:00,15589,15632,15583,15628,4.54660885,70950.40446243
729,2023-01-03 02:00:00,15625,15630,15596,15627,5.01149291,78239.40312848
730,2023-01-03 03:00:00,15624,15632,15586,15586,1.33726566,20873.58191582
731,2023-01-03 04:00:00,15582,15609,15579,15609,7.10042941,110727.87563312
732,2023-01-03 05:00:00,15607,15610,15583,15589,7.04587932,109871.86022142
733,2023-01-03 06:00:00,15589,15622,15585,15619,12.50921507,195127.09030236
734,2023-01-03 07:00:00,15620,15682,15617,15656,5.34975412,83729.8508799
735,2023-01-03 08:00:00,15655,15707,15636,15705,7.9879818,125122.04260703
736,2023-01-03 09:00:00,15704,15796,15702,15785,33.95207665,535051.20249887
737,2023-01-03 10:00:00,15784,15856,15784,15849,39.65044293,627408.24182818
738,2023-01-03 11:00:00,15849,15868,15834,15864,12.51268402,198316.29563484
739,2023-01-03 12:00:00,15864,15884,15861,15873,16.81138549,266812.71035045
740,2023-01-03 13:00:00,15874,15876,15826,15835,29.40858336,466483.05805265
741,2023-01-03 14:00:00,15841,15868,15816,15830,19.81706302,313864.32332933
742,2023-01-03 15:00:00,15830,15847,15725,15739,29.16235361,461044.56869043
743,2023-01-03 16:00:00,15736,15793,15718,15791,26.08554297,410800.31082622
744,2023-01-03 17:00:00,15792,15812,15730,15734,19.64713278,310084.19741456
745,2023-01-03 18:00:00,15736,15759,15730,15759,4.82580493,75992.53674014
746,2023-01-03 19:00:00,15759,15772,15749,15758,7.16390344,112909.5329125
747,2023-01-03 20:00:00,15758,15758,15735,15745,5.13883025,80920.99917811
748,2023-01-03 21:00:00,15743,15781,15743,15778,7.54115443,118845.24443825
749,2023-01-03 22:00:00,15775,15791,15770,15786,9.6365585,152050.17673664
750,2023-01-03 23:00:00,15786,15789,15772,15783,3.24313136,51178.65587857
751,2023-01-04 00:00:00,15783,15806,15783,15801,4.79777073,75792.35146769
752,2023-01-04 01:00:00,15798,15802,15769,15774,4.3844935,69201.87270583
753,2023-01-04 02:00:00,15774,15825,15773,15797,1.68784868,26670.16044754
754,2023-01-04 03:00:00,15799,15838,15798,15837,3.41633457,54073.91531583
755,2023-01-04 04:00:00,15829,15950,15829,15940,30.70269956,487741.17334399
756,2023-01-04 05:00:00,15948,15981,15936,15940,16.15571636,257753.24568433
757,2023-01-04 06:00:00,15939,15939,15917,15938,2.29044257,36482.85924576
758,2023-01-04 07:00:00,15937,15949,15928,15948,7.78840897,124126.97450464
759,2023-01-04 08:00:00,15950,15962,15902,15914,14.01828247,223346.70230823
760,2023-01-04 09:00:00,15915,15920,15838,15883,10.30302357,163611.0740589
761,2023-01-04 10:00:00,15882,15897,15848,15865,21.4436048,340470.57672219
762,2023-01-04 11:00:00,15866,15869,15850,15858,12.58514839,199575.14784434
763,2023-01-04 12:00:00,15856,15877,15849,15858,27.38683818,434455.58656712
764,2023-01-04 13:00:00,15862,15874,15829,15841,38.10013728,603803.00831375
765,2023-01-04 14:00:00,15842,15869,15838,15857,18.93177077,300135.76248167
766,2023-01-04 15:00:00,15855,15874,15821,15835,41.3705081,655414.53399939
767,2023-01-04 16:00:00,15835,15891,15823,15889,30.27859757,480024.7639841
768,2023-01-04 17:00:00,15888,15933,15866,15877,13.11956169,208580.04289577
769,2023-01-04 18:00:00,15877,15955,15865,15926,20.19406838,321521.85426171
770,2023-01-04 19:00:00,15924,16012,15906,16003,27.79730527,444289.10961286
771,2023-01-04 20:00:00,15995,16024,15841,15875,17.04474919,271219.19175432
772,2023-01-04 21:00:00,15875,15881,15816,15844,12.14313932,192503.99600166
773,2023-01-04 22:00:00,15844,15864,15836,15864,16.70655114,264905.00081607
774,2023-01-04 23:00:00,15863,15876,15853,15861,20.8243881,330359.06851364
775,2023-01-05 00:00:00,15856,15896,15850,15884,10.39946739,165102.80120714
776,2023-01-05 01:00:00,15882,15895,15831,15831,5.26842371,83587.53174364
777,2023-01-05 02:00:00,15831,15860,15815,15853,4.249864,67292.61627968
778,2023-01-05 03:00:00,15853,15862,15850,15855,70.17292348,1112611.77055033
779,2023-01-05 04:00:00,15854,15861,15843,15861,5.05857006,80192.4653636
780,2023-01-05 05:00:00,15861,15879,15853,15878,2.61966129,41568.9340389
781,2023-01-05 06:00:00,15875,15886,15870,15873,3.73391239,59304.81333231
782,2023-01-05 07:00:00,15871,15875,15835,15855,2.06937108,32801.20863702
783,2023-01-05 08:00:00,15854,15877,15826,15862,8.71057575,138042.57031279
784,2023-01-05 09:00:00,15859,15861,15815,15823,17.95424581,284333.19589831
785,2023-01-05 10:00:00,15821,15832,15798,15817,19.8170233,313528.47089626
786,2023-01-05 11:00:00,15812,15849,15805,15839,13.93588041,220633.61107265
787,2023-01-05 12:00:00,15839,15863,15833,15857,20.22157466,320541.48347762
788,2023-01-05 13:00:00,15858,15872,15839,15872,13.4287319,212922.39786248
789,2023-01-05 14:00:00,15866,15904,15851,15897,32.48736906,515900.76738587
790,2023-01-05 15:00:00,15893,15965,15877,15965,16.45223269,261878.58475117
791,2023-01-05 16:00:00,15958,16023,15942,16009,79.69015263,1273695.84592588
792,2023-01-05 17:00:00,16009,16012,15980,15997,23.15744318,370327.04655999
793,2023-01-05 18:00:00,15996,15998,15962,15966,16.29429723,260451.92395758
794,2023-01-05 19:00:00,15961,15982,15950,15980,6.81565072,108832.6467897
795,2023-01-05 20:00:00,15979,16013,15975,16009,9.29632454,148722.61033347
796,2023-01-05 21:00:00,16009,16021,16000,16020,16.68970435,267175.8146758
797,2023-01-05 22:00:00,16017,16028,15998,16005,5.80076604,92879.41916315
798,2023-01-05 23:00:00,16006,16012,15993,15996,10.36991178,165948.06075474
799,2023-01-06 00:00:00,15998,16004,15975,15991,4.02672057,64382.93751771
800,2023-01-06 01:00:00,15991,16010,15984,16003,2.80296616,44836.01593465
801,2023-01-06 02:00:00,16004,16010,15973,15981,2.10215115,33625.58868237
802,2023-01-06 03:00:00,15981,15990,15954,15988,1.66255467,26560.82476332
803,2023-01-06 04:00:00,15985,15987,15967,15977,1.58692904,25354.9241391
804,2023-01-06 05:00:00,15976,15985,15952,15971,2.19324454,35025.06842367
805,2023-01-06 06:00:00,15971,15975,15962,15974,2.17459541,34729.98124628
806,2023-01-06 07:00:00,15969,15973,15939,15957,7.65771272,122157.36384563
807,2023-01-06 08:00:00,15953,15967,15942,15954,3.64177099,58096.9069896
808,2023-01-06 09:00:00,15957,15966,15940,15954,8.17377385,130395.22636691
809,2023-01-06 10:00:00,15952,15966,15931,15963,29.13924347,464748.405491
810,2023-01-06 11:00:00,15960,15970,15931,15939,18.17858886,289987.65086207
811,2023-01-06 12:00:00,15936,15939,15883,15929,35.2474443,560980.64878085
812,2023-01-06 13:00:00,15929,15943,15919,15926,7.83173927,124772.41744013
813,2023-01-06 14:00:00,15927,15955,15876,15901,28.59621268,455124.38916025
814,2023-01-06 15:00:00,15905,15929,15897,15928,11.27966724,179473.18327007
815,2023-01-06 16:00:00,15925,15925,15823,15882,50.45417693,800995.72518925
816,2023-01-06 17:00:00,15880,15888,15828,15845,11.39570548,180680.42795608
817,2023-01-06 18:00:00,15844,15854,15807,15811,59.10859453,936645.27209989
818,2023-01-06 19:00:00,15809,15851,15809,15836,9.42143368,149169.75140227
819,2023-01-06 20:00:00,15837,15927,15823,15901,16.90350601,268271.79853856
820,2023-01-06 21:00:00,15908,15989,15862,15865,33.26765978,530424.34833014
821,2023-01-06 22:00:00,15865,15919,15865,15901,7.04192071,111921.75494587
822,2023-01-06 23:00:00,15905,15928,15900,15920,7.30220303,116186.94064632
823,2023-01-07 00:00:00,15920,15939,15907,15915,3.85477806,61387.95888612
824,2023-01-07 01:00:00,15913,15937,15902,15937,7.86150041,125176.8389913
825,2023-01-07 02:00:00,15937,15937,15912,15914,1.90637045,30356.54719353
826,2023-01-07 03:00:00,15918,15919,15902,15908,1.5444869,24573.30069475
827,2023-01-07 04:00:00,15904,15919,15903,15915,0.92872273,14777.08223133
828,2023-01-07 05:00:00,15915,15916,15901,15902,1.16965522,18608.07877895
829,2023-01-07 06:00:00,15902,15906,15896,15901,0.93708744,14900.52695237
830,2023-01-07 07:00:00,15899,15903,15890,15900,2.2615441,35951.73571422
831,2023-01-07 08:00:00,15901,15918,15900,15916,2.08602424,33192.20818283
832,2023-01-07 09:00:00,15917,15922,15898,15903,2.94854188,46903.98291183
833,2023-01-07 10:00:00,15900,15904,15896,15901,5.29995004,84268.4634639
834,2023-01-07 11:00:00,15900,15900,15887,15895,6.62446277,105293.74185707
835,2023-01-07 12:00:00,15895,15896,15882,15890,3.82598277,60797.87194914
836,2023-01-07 13:00:00,15891,15893,15882,15891,6.09382053,96815.14706686
837,2023-01-07 14:00:00,15891,15906,15888,15894,4.33408538,68902.21718163
838,2023-01-07 15:00:00,15894,15917,15885,15911,5.81124435,92404.28725056
839,2023-01-07 16:00:00,15909,15918,15907,15912,5.52264943,87875.67353481
840,2023-01-07 17:00:00,15913,15913,15890,15894,4.57775156,72787.06123239
841,2023-01-07 18:00:00,15894,15910,15893,15906,6.55553333,104249.83152699
842,2023-01-07 19:00:00,15905,15915,15904,15914,3.63653832,57860.72001149
843,2023-01-07 20:00:00,15914,15920,15910,15919,5.01069322,79745.22438086
844,2023-01-07 21:00:00,15919,15925,15913,15920,4.10888162,65408.33616538
845,2023-01-07 22:00:00,15918,15921,15909,15915,3.61777866,57585.3732605
846,2023-01-07 23:00:00,15916,15916,15905,15911,2.79993203,44543.38418661
847,2023-01-08 00:00:00,15911,15919,15902,15917,1.89551519,30166.50066902
848,2023-01-08 01:00:00,15915,15923,15884,15894,6.57160583,104519.85025855
849,2023-01-08 02:00:00,15895,15905,15891,15900,2.76599971,43976.91369184
850,2023-01-08 03:00:00,15900,15904,15891,15899,1.46144308,23234.95137971
851,2023-01-08 04:00:00,15898,15909,15897,15909,0.92700936,14741.65318041
852,2023-01-08 05:00:00,15909,15909,15903,15904,1.02044767,16232.22199491
853,2023-01-08 06:00:00,15904,15910,15902,15910,1.47440912,23453.11203702
854,2023-01-08 07:00:00,15909,15913,15904,15913,1.78239858,28355.1065719
855,2023-01-08 08:00:00,15913,15919,15912,15918,5.83275491,92825.1564329
856,2023-01-08 09:00:00,15919,15920,15908,15913,2.42597919,38609.11773703
857,2023-01-08 10:00:00,15911,15926,15893,15898,7.44406572,118474.88151025
858,2023-01-08 11:00:00,15902,15909,15902,15907,6.15246853,97861.29751503
859,2023-01-08 12:00:00,15907,15911,15898,15898,4.38005192,69665.13459025
860,2023-01-08 13:00:00,15895,15901,15890,15891,6.21195515,98732.58005346
861,2023-01-08 14:00:00,15891,15901,15890,15894,2.96638927,47153.80514413
862,2023-01-08 15:00:00,15899,15915,15897,15913,3.77985722,60118.0955822
863,2023-01-08 16:00:00,15911,15969,15903,15958,10.89876077,173727.51231826
864,2023-01-08 17:00:00,15961,15971,15887,15900,13.82485069,220495.60297252
865,2023-01-08 18:00:00,15900,15912,15885,15886,4.51087774,71708.51758301
866,2023-01-08 19:00:00,15886,15898,15883,15893,4.84441919,76991.07915914
867,2023-01-08 20:00:00,15893,15902,15886,15897,4.31790773,68632.6305896
868,2023-01-08 21:00:00,15897,15938,15889,15926,10.68082217,170039.27200031
869,2023-01-08 22:00:00,15926,15955,15920,15928,5.55434069,88508.21564985
870,2023-01-08 23:00:00,15928,15953,15925,15942,4.47160836,71278.28081706
871,2023-01-09 00:00:00,15939,16100,15935,16058,46.7793545,748943.41453738
872,2023-01-09 01:00:00,16058,16123,16048,16117,16.16877773,260015.92065125
873,2023-01-09 02:00:00,16117,16135,16083,16099,8.48630229,136686.82260835
874,2023-01-09 03:00:00,16099,16150,16087,16095,3.37117715,54350.21990078
875,2023-01-09 04:00:00,16095,16124,16092,16120,1.65486715,26659.66351726
876,2023-01-09 05:00:00,16119,16143,16112,16123,6.62920302,106963.02587677
877,2023-01-09 06:00:00,16120,16141,16092,16094,7.60560879,122594.75552122
878,2023-01-09 07:00:00,16095,16109,16074,16075,11.68993458,188177.90638506
879,2023-01-09 08:00:00,16078,16111,16070,16100,10.57343781,170083.46410692
880,2023-01-09 09:00:00,16100,16102,16065,16073,22.88882683,368154.32477583
881,2023-01-09 10:00:00,16073,16164,16068,16143,49.69114879,800822.67521195
882,2023-01-09 11:00:00,16143,16196,16143,16180,27.27952151,441037.93135569
883,2023-01-09 12:00:00,16180,16180,16134,16135,14.64522569,236641.42396732
884,2023-01-09 13:00:00,16133,16148,16115,16137,9.45226996,152493.85307104
885,2023-01-09 14:00:00,16134,16141,16038,16061,20.15912679,324581.69738666
886,2023-01-09 15:00:00,16055,16104,16045,16087,11.00856899,177000.09867497
887,2023-01-09 16:00:00,16084,16124,16041,16079,17.83851373,286717.22698432
888,2023-01-09 17:00:00,16078,16136,16067,16103,21.12855694,340371.43118365
889,2023-01-09 18:00:00,16110,16169,16101,16146,12.6384446,203903.27822123
890,2023-01-09 19:00:00,16146,16181,16126,16146,14.71665333,237587.81054808
891,2023-01-09 20:00:00,16149,16149,16087,16087,18.20626627,293527.03537072
892,2023-01-09 21:00:00,16080,16096,16003,16039,13.76553898,220858.12638161
893,2023-01-09 22:00:00,16036,16066,15990,16002,11.89923181,190651.67294117
894,2023-01-09 23:00:00,16005,16046,15993,16026,4.90838531,78651.29082634
895,2023-01-10 00:00:00,16029,16029,15959,16004,7.17097883,114710.49514893
896,2023-01-10 01:00:00,16002,16051,16002,16045,16.29124332,260995.26597524
897,2023-01-10 02:00:00,16045,16056,16008,16014,3.28908725,52735.70807132
898,2023-01-10 03:00:00,16016,16024,15988,16010,1.70964843,27380.40526453
899,2023-01-10 04:00:00,16011,16031,16008,16031,1.56760831,25111.61738946
900,2023-01-10 05:00:00,16032,16041,16020,16039,2.35944099,37822.63188317
901,2023-01-10 06:00:00,16041,16043,16020,16040,4.82299673,77338.26421507
902,2023-01-10 07:00:00,16033,16040,16015,16029,3.87653376,62137.84628143
903,2023-01-10 08:00:00,16029,16037,16015,16026,5.75075378,92141.72299636
904,2023-01-10 09:00:00,16026,16080,16004,16075,13.39062184,214995.66814951
905,2023-01-10 10:00:00,16071,16087,16050,16052,39.97202017,642441.62144897
906,2023-01-10 11:00:00,16053,16092,16043,16090,14.9549396,240338.55085825
907,2023-01-10 12:00:00,16090,16095,16070,16075,10.82905381,174155.07721772
908,2023-01-10 13:00:00,16075,16084,16055,16065,10.60244109,170405.03587041
909,2023-01-10 14:00:00,16065,16089,16059,16083,7.57875812,121814.7563798
910,2023-01-10 15:00:00,16083,16116,16046,16100,19.12716642,307785.89841326
911,2023-01-10 16:00:00,16100,16167,16091,16148,16.90371346,272725.22026392
912,2023-01-10 17:00:00,16151,16157,16105,16119,21.33890789,344288.95254499
913,2023-01-10 18:00:00,16119,16147,16112,16143,8.53232651,137608.30775871
914,2023-01-10 19:00:00,16142,16245,16140,16231,29.25853503,474373.29015413
915,2023-01-10 20:00:00,16222,16249,16210,16230,11.29736938,183342.20025353
916,2023-01-10 21:00:00,16232,16289,16208,16280,24.14537794,392646.38480657
917,2023-01-10 22:00:00,16280,16288,16253,16274,12.03273424,195793.09249942
918,2023-01-10 23:00:00,16272,16272,16225,16234,8.92466755,145003.89002721
919,2023-01-11 00:00:00,16239,16246,16217,16246,4.35496663,70701.17575951
920,2023-01-11 01:00:00,16245,16283,16230,16251,5.41467093,87976.15069273
921,2023-01-11 02:00:00,16260,16301,16253,16270,1.91533658,31185.21349572
922,2023-01-11 03:00:00,16273,16274,16211,16212,5.75658337,93410.61395473
923,2023-01-11 04:00:00,16211,16235,16191,16227,3.4532029,55965.23084675
924,2023-01-11 05:00:00,16227,16231,16200,16214,2.66196038,43164.50176718
925,2023-01-11 06:00:00,16212,16219,16187,16187,2.06522797,33464.9353996
926,2023-01-11 07:00:00,16190,16224,16174,16224,4.94446163,80142.3629636
927,2023-01-11 08:00:00,16224,16234,16210,16231,7.1981544,116770.11279932
928,2023-01-11 09:00:00,16230,16257,16206,16257,12.00215547,194766.82873307
929,2023-01-11 10:00:00,16253,16270,16230,16234,10.68450546,173573.40933391
930,2023-01-11 11:00:00,16234,16247,16213,16222,11.75793967,190876.92849771
931,2023-01-11 12:00:00,16220,16243,16212,16223,10.76316257,174643.35570185
932,2023-01-11 13:00:00,16223,16234,16215,16217,8.92034311,144727.20072771
933,2023-01-11 14:00:00,16217,16219,16177,16199,12.69537629,205704.27764188
934,2023-01-11 15:00:00,16194,16198,16147,16168,25.97389296,419885.01557976
935,2023-01-11 16:00:00,16168,16194,16093,16114,27.08783564,436894.72931136
936,2023-01-11 17:00:00,16114,16155,16100,16149,9.64526182,155586.29357914
937,2023-01-11 18:00:00,16150,16187,16145,16172,9.63193853,155781.6030763
938,2023-01-11 19:00:00,16170,16323,16170,16256,69.50071496,1129804.00414722
939,2023-01-11 20:00:00,16257,16319,16245,16300,11.50935998,187500.66318429
940,2023-01-11 21:00:00,16299,16328,16277,16315,7.36247039,120005.78638414
941,2023-01-11 22:00:00,16312,16337,16295,16319,22.50705529,367197.57547843
942,2023-01-11 23:00:00,16315,16348,16283,16321,10.47997441,171010.68196167
943,2023-01-12 00:00:00,16315,16709,16311,16663,30.38865211,503485.5854379
944,2023-01-12 01:00:00,16663,16972,16633,16940,31.74584237,531852.85564055
945,2023-01-12 02:00:00,16963,16973,16851,16946,8.09209071,136624.7332761
946,2023-01-12 03:00:00,16917,17058,16894,16902,16.19624592,274938.42121521
947,2023-01-12 04:00:00,16903,16930,16894,16918,2.15570134,36462.46623176
948,2023-01-12 05:00:00,16918,16921,16890,16901,5.30126775,89619.36664728
949,2023-01-12 06:00:00,16904,16925,16780,16793,9.14495091,154165.7444829
950,2023-01-12 07:00:00,16797,16871,16797,16863,33.48079721,564096.19735038
951,2023-01-12 08:00:00,16861,16889,16827,16844,30.47899468,513641.31532329
952,2023-01-12 09:00:00,16841,16876,16791,16876,19.94175801,335928.71203229
953,2023-01-12 10:00:00,16883,16885,16837,16860,23.64197463,398467.8428576
954,2023-01-12 11:00:00,16862,16916,16847,16893,38.71008971,653649.33914971
955,2023-01-12 12:00:00,16893,16917,16866,16896,32.34841206,546356.12774411
956,2023-01-12 13:00:00,16896,16969,16871,16965,20.69671142,349975.46390961
957,2023-01-12 14:00:00,16956,17143,16575,16904,154.11346449,2595182.77145767
958,2023-01-12 15:00:00,16888,16957,16642,16698,58.53136648,983262.49420579
959,2023-01-12 16:00:00,16694,16784,16693,16742,57.85925096,969133.23589073
960,2023-01-12 17:00:00,16738,16778,16715,16751,12.91764777,216372.80586461
961,2023-01-12 18:00:00,16752,17400,16727,17346,50.88734152,872982.61561569
962,2023-01-12 19:00:00,17370,17486,17166,17317,99.73351043,1726622.10431397
963,2023-01-12 20:00:00,17321,17562,17294,17413,63.83711158,1112081.6377715
964,2023-01-12 21:00:00,17417,17592,17371,17569,165.87646696,2896929.92067911
965,2023-01-12 22:00:00,17572,17604,17295,17350,28.29285545,492027.29744064
966,2023-01-12 23:00:00,17348,17451,17318,17435,14.91360272,259066.70838417
967,2023-01-13 00:00:00,17435,17435,17358,17359,6.53319659,113648.87819951
968,2023-01-13 01:00:00,17355,17391,17244,17301,8.77429827,151965.82462388
969,2023-01-13 02:00:00,17300,17341,17288,17328,5.10259738,88384.46436008
970,2023-01-13 03:00:00,17332,17365,17317,17365,2.97193794,51552.11411523
971,2023-01-13 04:00:00,17363,17404,17360,17399,4.77499562,82951.72548792
972,2023-01-13 05:00:00,17402,17407,17365,17365,3.36254691,58461.40509878
973,2023-01-13 06:00:00,17362,17373,17327,17329,5.38443416,93469.4035174
974,2023-01-13 07:00:00,17333,17382,17328,17382,6.42225135,111447.02090962
975,2023-01-13 08:00:00,17381,17381,17334,17356,10.77393699,186991.67441983
976,2023-01-13 09:00:00,17356,17379,17329,17354,24.12658401,418483.94472231
977,2023-01-13 10:00:00,17354,17460,17350,17449,51.55727422,897746.70833561
978,2023-01-13 11:00:00,17445,17575,17406,17559,29.59243624,517194.97716345
979,2023-01-13 12:00:00,17557,17569,17472,17500,63.77249316,1117354.60560621
980,2023-01-13 13:00:00,17500,17509,17420,17447,30.55304997,533819.10555432
981,2023-01-13 14:00:00,17447,17498,17402,17468,20.65024134,360633.08147043
982,2023-01-13 15:00:00,17468,17703,17468,17580,31.79875971,558428.08007488
983,2023-01-13 16:00:00,17569,17824,17569,17802,100.95679054,1788655.71826143
984,2023-01-13 17:00:00,17802,17807,17644,17704,18.41900778,326102.6836643
985,2023-01-13 18:00:00,17702,17927,17686,17787,37.60235514,670370.94107263
986,2023-01-13 19:00:00,17789,17896,17785,17822,39.78183308,709708.07952803
987,2023-01-13 20:00:00,17819,17897,17781,17891,16.43172063,292822.00154536
988,2023-01-13 21:00:00,17895,17999,17856,17985,13.78368392,247127.62564557
989,2023-01-13 22:00:00,17988,18372,17903,18295,73.27127778,1330026.57128607
990,2023-01-13 23:00:00,18299,18456,18286,18332,85.26222333,1564456.13486691
991,2023-01-14 00:00:00,18332,18415,18226,18399,27.52647451,505369.44010985
992,2023-01-14 01:00:00,18398,19639,18374,19279,180.84285356,3456573.24220507
993,2023-01-14 02:00:00,19284,19452,19091,19316,39.37150174,760028.33265116
994,2023-01-14 03:00:00,19311,19404,19234,19323,27.92272501,539268.20782895
995,2023-01-14 04:00:00,19317,19355,19181,19336,12.17563414,234668.86413742
996,2023-01-14 05:00:00,19342,19392,19267,19279,13.762941,265847.23190357
997,2023-01-14 06:00:00,19277,19296,19175,19232,10.42630509,200550.28824747
998,2023-01-14 07:00:00,19232,19353,19228,19346,16.35108535,315711.80836848
999,2023-01-14 08:00:00,19342,19351,19308,19321,5.43580164,105083.67820314
